<?xml version="1.0" encoding="UTF-8" standalone="yes"?>
<addon id="script.metadata.editor" name="Metadata Editor" version="3.0.1" provider-name="sualfred">
	<requires>
		<import addon="xbmc.python" version="3.0.0"/>
		<import addon="script.module.requests" version="2.9.1"/>
	</requires>
	<extension point="xbmc.python.script" library="default.py">
		<provides>executable</provides>
	</extension>
	<extension point="xbmc.service" library="service.py" />
	<extension point="kodi.context.item">
		<menu id="kodi.core.main">
			<item library="context.py">
				<label>$ADDON[script.metadata.editor 32000]</label>
				<visible>!String.IsEmpty(ListItem.DBID) + [String.IsEqual(ListItem.DBType,movie) | String.IsEqual(ListItem.DBType,set) | String.IsEqual(ListItem.DBType,tvshow) | String.IsEqual(ListItem.DBType,episode) | String.IsEqual(ListItem.DBType,musicvideo) | String.IsEqual(ListItem.DBType,artist) | String.IsEqual(ListItem.DBType,album) | String.IsEqual(ListItem.DBType,song)]</visible>
			</item>
		</menu>
	</extension>
	<extension point="xbmc.addon.metadata">
		<summary lang="en_GB">Metadata Editor Script</summary>
		<summary lang="es_ES">Metadata Editor Script</summary>
		<description lang="en_GB">Helper script to edit basic metadata information of library items with support to automatically update the .nfo file of movies, TV shows, episodes and music videos.</description>
		<description lang="es_ES">Script de ayuda para editar información básica de metadatos de elementos de la biblioteca con soporte para actualizar automáticamente el archivo .nfo de películas, programas de televisión, episodios y vídeos musicales.</description>
		<platform>all</platform>
		<license>GPL-2.0-only</license>
		<forum>https://forum.kodi.tv/showthread.php?tid=349035</forum>
		<source>https://github.com/sualfred/script.metadata.editor</source>
		<assets>
			<icon>resources/icon.png</icon>
			<fanart>resources/fanart.jpg</fanart>
		</assets>
	</extension>
</addon>
